"Ms","Dir","Vk","VkName","Scan","Flags","Decoded","Extended","Injected","Extra","Phase"
"35387.1","DN","0x4A","J","0x24","0x00","-","False","False","0x0","watch"
"35401.6","DN","0x4A","J","0x24","0x10","INJ","False","True","0x4B4D0000","watch"
"35417","UP","0x4A","J","0x24","0x80","-","False","False","0x0","watch"
"35432.9","UP","0x4A","J","0x24","0x90","INJ","False","True","0x4B4D0000","watch"
"35733.8","DN","0x48","H","0x23","0x00","-","False","False","0x0","watch"
"35749.9","DN","0x48","H","0x23","0x10","INJ","False","True","0x4B4D0000","watch"
"35844","UP","0x48","H","0x23","0x80","-","False","False","0x0","watch"
"35861.1","UP","0x48","H","0x23","0x90","INJ","False","True","0x4B4D0000","watch"
"36163","DN","0x4A","J","0x24","0x00","-","False","False","0x0","watch"
"36180.1","DN","0x4A","J","0x24","0x10","INJ","False","True","0x4B4D0000","watch"
"36275.5","UP","0x4A","J","0x24","0x80","-","False","False","0x0","watch"
"36291.1","UP","0x4A","J","0x24","0x90","INJ","False","True","0x4B4D0000","watch"
"36580.7","DN","0x4A","J","0x24","0x00","-","False","False","0x0","watch"
"36596.3","DN","0x4A","J","0x24","0x10","INJ","False","True","0x4B4D0000","watch"
"36675.8","UP","0x4A","J","0x24","0x80","-","False","False","0x0","watch"
"36691.3","UP","0x4A","J","0x24","0x90","INJ","False","True","0x4B4D0000","watch"
"37010.3","DN","0x4A","J","0x24","0x00","-","False","False","0x0","watch"
"37026.4","DN","0x4A","J","0x24","0x10","INJ","False","True","0x4B4D0000","watch"
"37121","UP","0x4A","J","0x24","0x80","-","False","False","0x0","watch"
"37135.9","UP","0x4A","J","0x24","0x90","INJ","False","True","0x4B4D0000","watch"
"37598.5","DN","0x4F","O","0x18","0x00","-","False","False","0x0","watch"
"37614.4","DN","0x4F","O","0x18","0x10","INJ","False","True","0x4B4D0000","watch"
"37677.9","UP","0x4F","O","0x18","0x80","-","False","False","0x0","watch"
"37694.3","UP","0x4F","O","0x18","0x90","INJ","False","True","0x4B4D0000","watch"
"37917","DN","0x4F","O","0x18","0x00","-","False","False","0x0","watch"
"37932.1","DN","0x4F","O","0x18","0x10","INJ","False","True","0x4B4D0000","watch"
"37996","UP","0x4F","O","0x18","0x80","-","False","False","0x0","watch"
"38012.8","UP","0x4F","O","0x18","0x90","INJ","False","True","0x4B4D0000","watch"
"38300.4","DN","0x4F","O","0x18","0x00","-","False","False","0x0","watch"
"38315.4","DN","0x4F","O","0x18","0x10","INJ","False","True","0x4B4D0000","watch"
"38379.7","UP","0x4F","O","0x18","0x80","-","False","False","0x0","watch"
"38396.1","UP","0x4F","O","0x18","0x90","INJ","False","True","0x4B4D0000","watch"
"38729.5","DN","0x4F","O","0x18","0x00","-","False","False","0x0","watch"
"38745.9","DN","0x4F","O","0x18","0x10","INJ","False","True","0x4B4D0000","watch"
"38824.2","UP","0x4F","O","0x18","0x80","-","False","False","0x0","watch"
"38839.8","UP","0x4F","O","0x18","0x90","INJ","False","True","0x4B4D0000","watch"
"39159.7","DN","0x49","I","0x17","0x00","-","False","False","0x0","watch"
"39175.3","DN","0x49","I","0x17","0x10","INJ","False","True","0x4B4D0000","watch"
"39254.5","UP","0x49","I","0x17","0x80","-","False","False","0x0","watch"
"39255.7","UP","0x49","I","0x17","0x90","INJ","False","True","0x4B4D0000","watch"
"39604.3","DN","0x4A","J","0x24","0x00","-","False","False","0x0","watch"
"39620.8","DN","0x4A","J","0x24","0x10","INJ","False","True","0x4B4D0000","watch"
"39731.2","UP","0x4A","J","0x24","0x80","-","False","False","0x0","watch"
"39746.9","UP","0x4A","J","0x24","0x90","INJ","False","True","0x4B4D0000","watch"
"40048.6","DN","0x49","I","0x17","0x00","-","False","False","0x0","watch"
"40064.2","DN","0x49","I","0x17","0x10","INJ","False","True","0x4B4D0000","watch"
"40173.4","UP","0x49","I","0x17","0x80","-","False","False","0x0","watch"
"40189.1","UP","0x49","I","0x17","0x90","INJ","False","True","0x4B4D0000","watch"
"41298.9","DN","0xA5","RALT","0x38","0x21","EXT|ALTDOWN","True","False","0x0","watch"
"41315","DN","0xA5","RALT","0x38","0x31","EXT|INJ|ALTDOWN","True","True","0x4B4D0000","watch"
"41362","UP","0xA5","RALT","0x38","0x81","EXT","True","False","0x0","watch"
"41377.6","UP","0xA5","RALT","0x38","0x91","EXT|INJ","True","True","0x4B4D0000","watch"
"41523.4","DN","0xA5","RALT","0x38","0x21","EXT|ALTDOWN","True","False","0x0","watch"
"41541.2","DN","0xA5","RALT","0x38","0x31","EXT|INJ|ALTDOWN","True","True","0x4B4D0000","watch"
"41555.9","UP","0xA5","RALT","0x38","0x81","EXT","True","False","0x0","watch"
"41572.6","UP","0xA5","RALT","0x38","0x91","EXT|INJ","True","True","0x4B4D0000","watch"
"41714.5","DN","0xA5","RALT","0x38","0x21","EXT|ALTDOWN","True","False","0x0","watch"
"41730.8","DN","0xA5","RALT","0x38","0x31","EXT|INJ|ALTDOWN","True","True","0x4B4D0000","watch"
"41760.3","UP","0xA5","RALT","0x38","0x81","EXT","True","False","0x0","watch"
"41774.9","UP","0xA5","RALT","0x38","0x91","EXT|INJ","True","True","0x4B4D0000","watch"
"41938","DN","0xA5","RALT","0x38","0x21","EXT|ALTDOWN","True","False","0x0","watch"
"41953.4","DN","0xA5","RALT","0x38","0x31","EXT|INJ|ALTDOWN","True","True","0x4B4D0000","watch"
"41953.5","UP","0xA5","RALT","0x38","0x81","EXT","True","False","0x0","watch"
"41970.2","UP","0xA5","RALT","0x38","0x91","EXT|INJ","True","True","0x4B4D0000","watch"
"42129.3","DN","0xA5","RALT","0x38","0x21","EXT|ALTDOWN","True","False","0x0","watch"
"42146.7","DN","0xA5","RALT","0x38","0x31","EXT|INJ|ALTDOWN","True","True","0x4B4D0000","watch"
"42192.5","UP","0xA5","RALT","0x38","0x81","EXT","True","False","0x0","watch"
"42208.5","UP","0xA5","RALT","0x38","0x91","EXT|INJ","True","True","0x4B4D0000","watch"
"42336.8","DN","0xA5","RALT","0x38","0x21","EXT|ALTDOWN","True","False","0x0","watch"
"42352","DN","0xA5","RALT","0x38","0x31","EXT|INJ|ALTDOWN","True","True","0x4B4D0000","watch"
"42383.7","UP","0xA5","RALT","0x38","0x81","EXT","True","False","0x0","watch"
"42398.2","UP","0xA5","RALT","0x38","0x91","EXT|INJ","True","True","0x4B4D0000","watch"
"42556.4","DN","0xA5","RALT","0x38","0x21","EXT|ALTDOWN","True","False","0x0","watch"
"42572.2","DN","0xA5","RALT","0x38","0x31","EXT|INJ|ALTDOWN","True","True","0x4B4D0000","watch"
"42602.6","UP","0xA5","RALT","0x38","0x81","EXT","True","False","0x0","watch"
"42619.2","UP","0xA5","RALT","0x38","0x91","EXT|INJ","True","True","0x4B4D0000","watch"
"42747.6","DN","0xA5","RALT","0x38","0x21","EXT|ALTDOWN","True","False","0x0","watch"
"42763.2","DN","0xA5","RALT","0x38","0x31","EXT|INJ|ALTDOWN","True","True","0x4B4D0000","watch"
"42796.3","UP","0xA5","RALT","0x38","0x81","EXT","True","False","0x0","watch"
"42810.1","UP","0xA5","RALT","0x38","0x91","EXT|INJ","True","True","0x4B4D0000","watch"
"42950","DN","0xA5","RALT","0x38","0x21","EXT|ALTDOWN","True","False","0x0","watch"
"42965.7","DN","0xA5","RALT","0x38","0x31","EXT|INJ|ALTDOWN","True","True","0x4B4D0000","watch"
"42997","UP","0xA5","RALT","0x38","0x81","EXT","True","False","0x0","watch"
"43012.9","UP","0xA5","RALT","0x38","0x91","EXT|INJ","True","True","0x4B4D0000","watch"
"43155.3","DN","0xA5","RALT","0x38","0x21","EXT|ALTDOWN","True","False","0x0","watch"
"43171.9","DN","0xA5","RALT","0x38","0x31","EXT|INJ|ALTDOWN","True","True","0x4B4D0000","watch"
"43202.7","UP","0xA5","RALT","0x38","0x81","EXT","True","False","0x0","watch"
"43219.2","UP","0xA5","RALT","0x38","0x91","EXT|INJ","True","True","0x4B4D0000","watch"
"43360.2","DN","0xA5","RALT","0x38","0x21","EXT|ALTDOWN","True","False","0x0","watch"
"43377.7","DN","0xA5","RALT","0x38","0x31","EXT|INJ|ALTDOWN","True","True","0x4B4D0000","watch"
"43408","UP","0xA5","RALT","0x38","0x81","EXT","True","False","0x0","watch"
"43424.2","UP","0xA5","RALT","0x38","0x91","EXT|INJ","True","True","0x4B4D0000","watch"
"43564.4","DN","0xA5","RALT","0x38","0x21","EXT|ALTDOWN","True","False","0x0","watch"
"43582","DN","0xA5","RALT","0x38","0x31","EXT|INJ|ALTDOWN","True","True","0x4B4D0000","watch"
"43626.3","UP","0xA5","RALT","0x38","0x81","EXT","True","False","0x0","watch"
"43642.8","UP","0xA5","RALT","0x38","0x91","EXT|INJ","True","True","0x4B4D0000","watch"
"43787.3","DN","0xA5","RALT","0x38","0x21","EXT|ALTDOWN","True","False","0x0","watch"
"43803.9","DN","0xA5","RALT","0x38","0x31","EXT|INJ|ALTDOWN","True","True","0x4B4D0000","watch"
"43849.7","UP","0xA5","RALT","0x38","0x81","EXT","True","False","0x0","watch"
"43866","UP","0xA5","RALT","0x38","0x91","EXT|INJ","True","True","0x4B4D0000","watch"
"43992.5","DN","0xA5","RALT","0x38","0x21","EXT|ALTDOWN","True","False","0x0","watch"
"44009.3","DN","0xA5","RALT","0x38","0x31","EXT|INJ|ALTDOWN","True","True","0x4B4D0000","watch"
"44056.2","UP","0xA5","RALT","0x38","0x81","EXT","True","False","0x0","watch"
"44072.5","UP","0xA5","RALT","0x38","0x91","EXT|INJ","True","True","0x4B4D0000","watch"
"44218.9","DN","0xA5","RALT","0x38","0x21","EXT|ALTDOWN","True","False","0x0","watch"
"44234.6","DN","0xA5","RALT","0x38","0x31","EXT|INJ|ALTDOWN","True","True","0x4B4D0000","watch"
"44282.2","UP","0xA5","RALT","0x38","0x81","EXT","True","False","0x0","watch"
"44298.4","UP","0xA5","RALT","0x38","0x91","EXT|INJ","True","True","0x4B4D0000","watch"
"44458.1","DN","0xA5","RALT","0x38","0x21","EXT|ALTDOWN","True","False","0x0","watch"
"44473.5","DN","0xA5","RALT","0x38","0x31","EXT|INJ|ALTDOWN","True","True","0x4B4D0000","watch"
"44504.9","UP","0xA5","RALT","0x38","0x81","EXT","True","False","0x0","watch"
"44521.1","UP","0xA5","RALT","0x38","0x91","EXT|INJ","True","True","0x4B4D0000","watch"
"44663.3","DN","0xA5","RALT","0x38","0x21","EXT|ALTDOWN","True","False","0x0","watch"
"44679.5","DN","0xA5","RALT","0x38","0x31","EXT|INJ|ALTDOWN","True","True","0x4B4D0000","watch"
"44726.3","UP","0xA5","RALT","0x38","0x81","EXT","True","False","0x0","watch"
"44742.2","UP","0xA5","RALT","0x38","0x91","EXT|INJ","True","True","0x4B4D0000","watch"
"44867.9","DN","0xA5","RALT","0x38","0x21","EXT|ALTDOWN","True","False","0x0","watch"
"44883.2","DN","0xA5","RALT","0x38","0x31","EXT|INJ|ALTDOWN","True","True","0x4B4D0000","watch"
"44915.4","UP","0xA5","RALT","0x38","0x81","EXT","True","False","0x0","watch"
"44931.9","UP","0xA5","RALT","0x38","0x91","EXT|INJ","True","True","0x4B4D0000","watch"
"45088.8","DN","0xA5","RALT","0x38","0x21","EXT|ALTDOWN","True","False","0x0","watch"
"45105.1","DN","0xA5","RALT","0x38","0x31","EXT|INJ|ALTDOWN","True","True","0x4B4D0000","watch"
"45140.2","UP","0xA5","RALT","0x38","0x81","EXT","True","False","0x0","idle"
"45152.3","UP","0xA5","RALT","0x38","0x91","EXT|INJ","True","True","0x4B4D0000","idle"
"45296.1","DN","0xA5","RALT","0x38","0x21","EXT|ALTDOWN","True","False","0x0","idle"
"45312.5","DN","0xA5","RALT","0x38","0x31","EXT|INJ|ALTDOWN","True","True","0x4B4D0000","idle"
"45345.3","UP","0xA5","RALT","0x38","0x81","EXT","True","False","0x0","idle"
"45361.1","UP","0xA5","RALT","0x38","0x91","EXT|INJ","True","True","0x4B4D0000","idle"
